{
  "model": "experiments/phase2_real/best_model.pth",
  "data": "data/processed/harmonized_204bands/agrifood_val_preprocessed.pt",
  "n_samples": 16800,
  "n_augs": 4,
  "threshold": 0.65,
  "metrics": {
    "precision": 0.816695652173913,
    "recall": 0.73375,
    "f1": 0.7730041152263376,
    "iou": 0.6299973168768447,
    "tp": 2348,
    "fp": 527,
    "fn": 852,
    "tn": 13073
  }
}